episode,0.0,0.3
1,0.21029080394116675,0.20551669943127357
2,0.18751719150132198,0.17945226000903644
3,0.16650730169407993,0.15656462190519835
4,0.14871316186932937,0.13847415811675018
5,0.13190409350472548,0.12153143589041751
6,0.11859031085174378,0.10983400760633381
7,0.10986662010394904,0.10360021254524505
8,0.10199133772869391,0.09654421471265044
9,0.09609334816697057,0.09200600189183712
10,0.09190437636957832,0.08853893755541203
