eligibility,A,B,C,D,E
0.0,0.0,0.0,0.0,0.0,1.0
0.3,0.0,0.0,0.008165609999999998,0.3296487,1.090729
