eligibility,A,B,C,D,E
0.0,1.0,0.0,0.0,0.0,0.0
0.3,1.0,0.300019683,0.0900715149,0.0296487,0.008829
