episode,epsilon,score,average,avg_q_values
0.0,1.0,-134.0,-134.91689932338957,-0.7743788957595825
1.0,0.9858158423524046,-42.0,-88.48716104918368,0.49623408913612366
2.0,0.9718328750329811,-202.0,-126.5154582640119,3.5688488483428955
