episode,epsilon,score,average,avg_q_values
0.0,1.0,-129.0,-129.7737527107401,-0.3914216160774231
1.0,0.9858158423524046,-282.0,-206.3577879627279,-1.6390544176101685
2.0,0.9718328750329811,-104.0,-172.33299864904,-1.2851709127426147
3.0,0.9580482443263975,-327.0,-211.1123948330417,-4.436136245727539
4.0,0.9444591369948698,-388.0,-246.59932397358583,-6.367732524871826
5.0,0.9310627797040227,-123.0,-226.05672462603218,6.134243965148926
