episode,epsilon,score,average,avg_q_values
0.0,1.0,-311.0,-311.9486778335053,-1.2495595216751099
1.0,0.9858158423524046,-461.0,-386.9732778566919,-3.9414546489715576
2.0,0.9718328750329811,-297.0,-357.1825522684344,3.1789391040802
