episode,epsilon,score,average,avg_q_values
0.0,1.0,-103.0,-103.6800825781628,0.06877072155475616
1.0,0.9858158423524046,-92.0,-98.19614861205278,0.22487735748291016
2.0,0.9718328750329811,-184.0,-127.0045418980685,-0.14473256468772888
3.0,0.9580482443263975,-57.0,-109.68090617521266,1.8495159149169922
4.0,0.9444591369948698,-254.0,-138.6509448540777,1.7164493799209595
5.0,0.9310627797040227,-135.0,-138.20491132872718,6.351756572723389
6.0,0.9178564384568926,-107.0,-133.83169071216545,9.476351737976074
7.0,0.9048374180359595,-101.0,-129.74958421720356,10.947639465332031
8.0,0.8920030614530944,-211.0,-138.86103683176114,12.370012283325195
9.0,0.879350749407306,-183.0,-143.2839851374086,13.766495704650879
10.0,0.8668778997501816,-134.0,-142.5045045607229,12.398087501525879
11.0,0.8545819669589086,-233.0,-150.05137435539865,7.202219486236572
