episode,epsilon,score,average,avg_q_values
0.0,1.0,-289.0,-289.1057207537619,-3.4992213249206543
1.0,0.9858158423524046,-88.0,-188.7677601301642,-0.2207326740026474
2.0,0.9718328750329811,-385.0,-254.2492344807719,-0.7905604839324951
3.0,0.9580482443263975,-78.0,-210.41994418996964,-0.23103207349777222
4.0,0.9444591369948698,-159.0,-200.21159491652475,-2.253143072128296
5.0,0.9310627797040227,-99.0,-183.50377321053082,-1.218706488609314
6.0,0.9178564384568926,-69.0,-167.15058180548462,1.5620697736740112
7.0,0.9048374180359595,-93.0,-157.9445479967592,3.6144447326660156
