episode,0.0,0.3
1,0.21029080394116675,0.20537303884918465
2,0.18767724109989245,0.17969844698318524
3,0.16766094330360481,0.1582222784821584
4,0.1479316535417511,0.13619376976055625
5,0.133084490861428,0.12217096658522694
6,0.11900737498894218,0.10906463881433162
7,0.11047097304595678,0.10190654181508202
8,0.09844067909516169,0.09061787476307767
9,0.09087373631584619,0.08604465658874806
10,0.08555669864106287,0.08180827384432941
