lambda,A,B,C,D,E
v_true,0.16666666666666666,0.3333333333333333,0.5,0.6666666666666666,0.8333333333333334
0.0,0.24102911999999999,0.292704768,0.4857508864,0.6261273088000001,0.7119615999999999
0.3,0.19632908646283756,0.26659773810405774,0.4875601351393692,0.6511592779336305,0.734549935948475
